id,title,date_posted,tags
11,Playing Happy Hippo with Makulu Linux! [Review],2014-12-09,''
12,Linux – the definition of choice!,2014-12-14,''
13,How Many Forks One Needs To...,2014-12-17,''
14,Love Is in the Arch [review],2014-12-18,''
15,Tux Teaches Technology,2014-12-26,''
16,Why Open-source Is the Model of the Future,2014-12-26,''
17,"Manufacturers, Remember about the Penguin People!",2015-01-10,''
18,"We Row our Boats in the Same Linux-verse, After All...",2015-01-23,''
19,"Sid, Arch or Gentoo – Who Would You Rather Roll With?",2015-01-24,''
20,Shrouded with GUIs,2015-02-15,''
21,Linux-do – The Path to Linux,2015-02-17,''
22,"A Bottle of WINE, a Bottle of Awesomeness!",2015-02-19,''
23,Tending to the Trees,2015-02-22,''
24,"On the Crossroads, Past the Arch",2015-02-24,''
25,The Source of Them All,2015-03-08,''
26,Celebrating Linux Diversity,2015-03-11,''
27,Back to the Arch,2015-04-21,''
28,Why Desktop PCs Are Superior,2015-05-23,''
29,Quo Vadis Computing?,2015-06-09,''
30,The Price of Popularity,2015-06-09,''
31,Systemd - The Lurking Serpent,2015-06-14,''
32,Freedom to Freedom,2015-06-24,''
33,Dem Bells ‘n’ Whistles,2015-08-09,''
34,The Price of Free Software?,2015-08-23,''
35,Married to the Mainstream,2015-08-26,''
36,Tux Freedom Forces Against Monopolies!,2015-09-02,''
37,Feeling Fab in a Fedora Hat!,2015-09-07,""""
38,Autumn Linux Round-up!,2015-09-10,""""
39,The Journey’s End?,2015-11-15,''
40,Feature Creep – Unwanted Gifts from Developers?,2016-01-05,''
41,The GNU/Linux Revolution…,2016-01-09,''
42,The Sickness Called ‘User-friendliness’,2016-01-14,''
43,The Lands Beyond Systemd...,2016-01-14,''
44,Beyond Linux – FreeBSD Part 1,2016-01-17,''
